WeightScale01,15001,Object
WeightScale01_ParameterSet,15002,Object
WeightScale01_ParameterSet_ParameterIdentifier,15003,Variable
WeightScale01_MethodSet,15004,Object
WeightScale01_MethodSet_MethodIdentifier,15005,Method
WeightScale01_GroupIdentifier,15006,Object
WeightScale01_GroupIdentifier_UIElement,15007,Variable
WeightScale01_Identification,15008,Object
WeightScale01_Identification_UIElement,15009,Variable
WeightScale01_Lock,15010,Object
WeightScale01_Lock_Locked,15011,Variable
WeightScale01_Lock_LockingClient,15012,Variable
WeightScale01_Lock_LockingUser,15013,Variable
WeightScale01_Lock_RemainingLockTime,15014,Variable
WeightScale01_Lock_InitLock,15015,Method
WeightScale01_Lock_InitLock_InputArguments,15016,Variable
WeightScale01_Lock_InitLock_OutputArguments,15017,Variable
WeightScale01_Lock_RenewLock,15018,Method
WeightScale01_Lock_RenewLock_OutputArguments,15019,Variable
WeightScale01_Lock_ExitLock,15020,Method
WeightScale01_Lock_ExitLock_OutputArguments,15021,Variable
WeightScale01_Lock_BreakLock,15022,Method
WeightScale01_Lock_BreakLock_OutputArguments,15023,Variable
WeightScale01_Manufacturer,15024,Variable
WeightScale01_ManufacturerUri,15025,Variable
WeightScale01_Model,15026,Variable
WeightScale01_HardwareRevision,15027,Variable
WeightScale01_SoftwareRevision,15028,Variable
WeightScale01_DeviceRevision,15029,Variable
WeightScale01_ProductCode,15030,Variable
WeightScale01_DeviceManual,15031,Variable
WeightScale01_DeviceClass,15032,Variable
WeightScale01_SerialNumber,15033,Variable
WeightScale01_ProductInstanceUri,15034,Variable
WeightScale01_RevisionCounter,15035,Variable
WeightScale01_AssetId,15036,Variable
WeightScale01_ComponentName,15037,Variable
WeightScale01_CPIdentifier,15038,Object
WeightScale01_CPIdentifier_ParameterSet,15039,Object
WeightScale01_CPIdentifier_ParameterSet_ParameterIdentifier,15040,Variable
WeightScale01_CPIdentifier_MethodSet,15041,Object
WeightScale01_CPIdentifier_MethodSet_MethodIdentifier,15042,Method
WeightScale01_CPIdentifier_Identification,15043,Object
WeightScale01_CPIdentifier_Identification_UIElement,15044,Variable
WeightScale01_CPIdentifier_Lock,15045,Object
WeightScale01_CPIdentifier_Lock_Locked,15046,Variable
WeightScale01_CPIdentifier_Lock_LockingClient,15047,Variable
WeightScale01_CPIdentifier_Lock_LockingUser,15048,Variable
WeightScale01_CPIdentifier_Lock_RemainingLockTime,15049,Variable
WeightScale01_CPIdentifier_Lock_InitLock,15050,Method
WeightScale01_CPIdentifier_Lock_InitLock_InputArguments,15051,Variable
WeightScale01_CPIdentifier_Lock_InitLock_OutputArguments,15052,Variable
WeightScale01_CPIdentifier_Lock_RenewLock,15053,Method
WeightScale01_CPIdentifier_Lock_RenewLock_OutputArguments,15054,Variable
WeightScale01_CPIdentifier_Lock_ExitLock,15055,Method
WeightScale01_CPIdentifier_Lock_ExitLock_OutputArguments,15056,Variable
WeightScale01_CPIdentifier_Lock_BreakLock,15057,Method
WeightScale01_CPIdentifier_Lock_BreakLock_OutputArguments,15058,Variable
WeightScale01_CPIdentifier_NetworkAddress,15059,Object
WeightScale01_CPIdentifier_NetworkAddress_UIElement,15060,Variable
WeightScale01_DeviceHealth,15061,Variable
WeightScale01_DeviceHealthAlarms,15062,Object
WeightScale01_DeviceTypeImage,15063,Object
WeightScale01_DeviceTypeImage_ImageIdentifier,15064,Variable
WeightScale01_Documentation,15065,Object
WeightScale01_Documentation_DocumentIdentifier,15066,Variable
WeightScale01_ProtocolSupport,15067,Object
WeightScale01_ProtocolSupport_ProtocolSupportIdentifier,15068,Variable
WeightScale01_ImageSet,15069,Object
WeightScale01_ImageSet_ImageIdentifier,15070,Variable
WeightScale01_ParameterSet_weightScale,15071,Variable
WeightScale01_ParameterSet_weightScale_Definition,15072,Variable
WeightScale01_ParameterSet_weightScale_ValuePrecision,15073,Variable
WeightScale01_ParameterSet_weightScale_InstrumentRange,15074,Variable
WeightScale01_ParameterSet_weightScale_EURange,15075,Variable
WeightScale01_ParameterSet_weightScale_EngineeringUnits,15076,Variable
WeightScale01_MethodSet_Tare,15077,Method
WeightScale01_MethodSet_Zero,15078,Method
WeightScale01_weightScale,15079,Variable
WeightScale01_weightScale_Definition,15080,Variable
WeightScale01_weightScale_ValuePrecision,15081,Variable
WeightScale01_weightScale_InstrumentRange,15082,Variable
WeightScale01_weightScale_EURange,15083,Variable
WeightScale01_weightScale_EngineeringUnits,15084,Variable
WeightScaleType,15269,ObjectType
WeightScaleType_ParameterSet,15270,Object
WeightScaleType_ParameterSet_ParameterIdentifier,15271,Variable
WeightScaleType_MethodSet,15272,Object
WeightScaleType_MethodSet_MethodIdentifier,15273,Method
WeightScaleType_GroupIdentifier,15274,Object
WeightScaleType_GroupIdentifier_UIElement,15275,Variable
WeightScaleType_Identification,15276,Object
WeightScaleType_Identification_UIElement,15277,Variable
WeightScaleType_Lock,15278,Object
WeightScaleType_Lock_Locked,15279,Variable
WeightScaleType_Lock_LockingClient,15280,Variable
WeightScaleType_Lock_LockingUser,15281,Variable
WeightScaleType_Lock_RemainingLockTime,15282,Variable
WeightScaleType_Lock_InitLock,15283,Method
WeightScaleType_Lock_InitLock_InputArguments,15284,Variable
WeightScaleType_Lock_InitLock_OutputArguments,15285,Variable
WeightScaleType_Lock_RenewLock,15286,Method
WeightScaleType_Lock_RenewLock_OutputArguments,15287,Variable
WeightScaleType_Lock_ExitLock,15288,Method
WeightScaleType_Lock_ExitLock_OutputArguments,15289,Variable
WeightScaleType_Lock_BreakLock,15290,Method
WeightScaleType_Lock_BreakLock_OutputArguments,15291,Variable
WeightScaleType_Manufacturer,15292,Variable
WeightScaleType_ManufacturerUri,15293,Variable
WeightScaleType_Model,15294,Variable
WeightScaleType_HardwareRevision,15295,Variable
WeightScaleType_SoftwareRevision,15296,Variable
WeightScaleType_DeviceRevision,15297,Variable
WeightScaleType_ProductCode,15298,Variable
WeightScaleType_DeviceManual,15299,Variable
WeightScaleType_DeviceClass,15300,Variable
WeightScaleType_SerialNumber,15301,Variable
WeightScaleType_ProductInstanceUri,15302,Variable
WeightScaleType_RevisionCounter,15303,Variable
WeightScaleType_AssetId,15304,Variable
WeightScaleType_ComponentName,15305,Variable
WeightScaleType_CPIdentifier,15306,Object
WeightScaleType_CPIdentifier_ParameterSet,15307,Object
WeightScaleType_CPIdentifier_ParameterSet_ParameterIdentifier,15308,Variable
WeightScaleType_CPIdentifier_MethodSet,15309,Object
WeightScaleType_CPIdentifier_MethodSet_MethodIdentifier,15310,Method
WeightScaleType_CPIdentifier_Identification,15311,Object
WeightScaleType_CPIdentifier_Identification_UIElement,15312,Variable
WeightScaleType_CPIdentifier_Lock,15313,Object
WeightScaleType_CPIdentifier_Lock_Locked,15314,Variable
WeightScaleType_CPIdentifier_Lock_LockingClient,15315,Variable
WeightScaleType_CPIdentifier_Lock_LockingUser,15316,Variable
WeightScaleType_CPIdentifier_Lock_RemainingLockTime,15317,Variable
WeightScaleType_CPIdentifier_Lock_InitLock,15318,Method
WeightScaleType_CPIdentifier_Lock_InitLock_InputArguments,15319,Variable
WeightScaleType_CPIdentifier_Lock_InitLock_OutputArguments,15320,Variable
WeightScaleType_CPIdentifier_Lock_RenewLock,15321,Method
WeightScaleType_CPIdentifier_Lock_RenewLock_OutputArguments,15322,Variable
WeightScaleType_CPIdentifier_Lock_ExitLock,15323,Method
WeightScaleType_CPIdentifier_Lock_ExitLock_OutputArguments,15324,Variable
WeightScaleType_CPIdentifier_Lock_BreakLock,15325,Method
WeightScaleType_CPIdentifier_Lock_BreakLock_OutputArguments,15326,Variable
WeightScaleType_CPIdentifier_NetworkAddress,15327,Object
WeightScaleType_CPIdentifier_NetworkAddress_UIElement,15328,Variable
WeightScaleType_DeviceHealth,15329,Variable
WeightScaleType_DeviceHealthAlarms,15330,Object
WeightScaleType_DeviceTypeImage,15331,Object
WeightScaleType_DeviceTypeImage_ImageIdentifier,15332,Variable
WeightScaleType_Documentation,15333,Object
WeightScaleType_Documentation_DocumentIdentifier,15334,Variable
WeightScaleType_ProtocolSupport,15335,Object
WeightScaleType_ProtocolSupport_ProtocolSupportIdentifier,15336,Variable
WeightScaleType_ImageSet,15337,Object
WeightScaleType_ImageSet_ImageIdentifier,15338,Variable
WeightScaleType_ParameterSet_weightScale,15339,Variable
WeightScaleType_ParameterSet_weightScale_Definition,15340,Variable
WeightScaleType_ParameterSet_weightScale_ValuePrecision,15341,Variable
WeightScaleType_ParameterSet_weightScale_InstrumentRange,15342,Variable
WeightScaleType_ParameterSet_weightScale_EURange,15343,Variable
WeightScaleType_ParameterSet_weightScale_EngineeringUnits,15344,Variable
WeightScaleType_MethodSet_Tare,15345,Method
WeightScaleType_MethodSet_Zero,15346,Method
