WeightScaleType,15269,ObjectType
WeightScaleType_ParameterSet,15270,Object
WeightScaleType_ParameterSet_ParameterIdentifier,15271,Variable
WeightScaleType_MethodSet,15272,Object
WeightScaleType_MethodSet_MethodIdentifier,15273,Method
WeightScaleType_GroupIdentifier,15274,Object
WeightScaleType_GroupIdentifier_UIElement,15275,Variable
WeightScaleType_Identification,15276,Object
WeightScaleType_Identification_UIElement,15277,Variable
WeightScaleType_Lock,15278,Object
WeightScaleType_Lock_Locked,15279,Variable
WeightScaleType_Lock_LockingClient,15280,Variable
WeightScaleType_Lock_LockingUser,15281,Variable
WeightScaleType_Lock_RemainingLockTime,15282,Variable
WeightScaleType_Lock_InitLock,15283,Method
WeightScaleType_Lock_InitLock_InputArguments,15284,Variable
WeightScaleType_Lock_InitLock_OutputArguments,15285,Variable
WeightScaleType_Lock_RenewLock,15286,Method
WeightScaleType_Lock_RenewLock_OutputArguments,15287,Variable
WeightScaleType_Lock_ExitLock,15288,Method
WeightScaleType_Lock_ExitLock_OutputArguments,15289,Variable
WeightScaleType_Lock_BreakLock,15290,Method
WeightScaleType_Lock_BreakLock_OutputArguments,15291,Variable
WeightScaleType_Manufacturer,15292,Variable
WeightScaleType_ManufacturerUri,15293,Variable
WeightScaleType_Model,15294,Variable
WeightScaleType_HardwareRevision,15295,Variable
WeightScaleType_SoftwareRevision,15296,Variable
WeightScaleType_DeviceRevision,15297,Variable
WeightScaleType_ProductCode,15298,Variable
WeightScaleType_DeviceManual,15299,Variable
WeightScaleType_DeviceClass,15300,Variable
WeightScaleType_SerialNumber,15301,Variable
WeightScaleType_ProductInstanceUri,15302,Variable
WeightScaleType_RevisionCounter,15303,Variable
WeightScaleType_AssetId,15304,Variable
WeightScaleType_ComponentName,15305,Variable
WeightScaleType_CPIdentifier,15306,Object
WeightScaleType_CPIdentifier_ParameterSet,15307,Object
WeightScaleType_CPIdentifier_ParameterSet_ParameterIdentifier,15308,Variable
WeightScaleType_CPIdentifier_MethodSet,15309,Object
WeightScaleType_CPIdentifier_MethodSet_MethodIdentifier,15310,Method
WeightScaleType_CPIdentifier_Identification,15311,Object
WeightScaleType_CPIdentifier_Identification_UIElement,15312,Variable
WeightScaleType_CPIdentifier_Lock,15313,Object
WeightScaleType_CPIdentifier_Lock_Locked,15314,Variable
WeightScaleType_CPIdentifier_Lock_LockingClient,15315,Variable
WeightScaleType_CPIdentifier_Lock_LockingUser,15316,Variable
WeightScaleType_CPIdentifier_Lock_RemainingLockTime,15317,Variable
WeightScaleType_CPIdentifier_Lock_InitLock,15318,Method
WeightScaleType_CPIdentifier_Lock_InitLock_InputArguments,15319,Variable
WeightScaleType_CPIdentifier_Lock_InitLock_OutputArguments,15320,Variable
WeightScaleType_CPIdentifier_Lock_RenewLock,15321,Method
WeightScaleType_CPIdentifier_Lock_RenewLock_OutputArguments,15322,Variable
WeightScaleType_CPIdentifier_Lock_ExitLock,15323,Method
WeightScaleType_CPIdentifier_Lock_ExitLock_OutputArguments,15324,Variable
WeightScaleType_CPIdentifier_Lock_BreakLock,15325,Method
WeightScaleType_CPIdentifier_Lock_BreakLock_OutputArguments,15326,Variable
WeightScaleType_CPIdentifier_NetworkAddress,15327,Object
WeightScaleType_CPIdentifier_NetworkAddress_UIElement,15328,Variable
WeightScaleType_DeviceHealth,15329,Variable
WeightScaleType_DeviceHealthAlarms,15330,Object
WeightScaleType_DeviceTypeImage,15331,Object
WeightScaleType_DeviceTypeImage_ImageIdentifier,15332,Variable
WeightScaleType_Documentation,15333,Object
WeightScaleType_Documentation_DocumentIdentifier,15334,Variable
WeightScaleType_ProtocolSupport,15335,Object
WeightScaleType_ProtocolSupport_ProtocolSupportIdentifier,15336,Variable
WeightScaleType_ImageSet,15337,Object
WeightScaleType_ImageSet_ImageIdentifier,15338,Variable
WeightScaleType_ParameterSet_weightScale,15339,Variable
WeightScaleType_ParameterSet_weightScale_Definition,15340,Variable
WeightScaleType_ParameterSet_weightScale_ValuePrecision,15341,Variable
WeightScaleType_ParameterSet_weightScale_InstrumentRange,15342,Variable
WeightScaleType_ParameterSet_weightScale_EURange,15343,Variable
WeightScaleType_ParameterSet_weightScale_EngineeringUnits,15344,Variable
WeightScaleType_MethodSet_Tare,15345,Method
WeightScaleType_MethodSet_Zero,15346,Method
